<?xml version="1.0" encoding="UTF-8"?>
<extentreports>
    <configuration>
		<!-- document encoding -->
		<encoding>UTF-8</encoding>
		
        <!-- title of the document -->
        <documentTitle> RCWB Test Report </documentTitle>
        
        <!-- report name - displayed at top-nav -->
        <reportName>Automation Report-</reportName>
        
        <!-- report headline - displayed at top-nav, after reportHeadline -->
        <reportHeadline>Regression</reportHeadline>
        
        <!-- custom javascript -->
        <scripts>
            <![CDATA[
                $(document).ready(function() {
                    
                });
            ]]>
        </scripts>
        
        <!-- custom styles -->
        <styles>
            <![CDATA[
                
            ]]>
        </styles>
    </configuration>
</extentreports>
