,,,
select-component_cki-title_wrapper,Title,Mrs,Y
text-component_cki-first-name_wrapper,First name,Abdul,Y
text-component_cki-middle-name_wrapper,Middle name,A,Y
text-component_cki-last-name_wrapper,Last name,Hamid,Y
text-component_cki-full-name_wrapper,Full name,Abdul Hamid,Y
text-component_cki-alias-name_wrapper,Alias name,Abdul Hamid,Y
text-component_cki-id-no_wrapper,Id no,874834545345,Y
text-component_cki-id-issue-date_wrapper,Id issue date,2015-06-12,Y
text-component_cki-other-id-details_wrapper,Other id details,874834545345,Y
select-component_cki-gender_wrapper,Gender,Female,Y
select-component_cki-marital-status_wrapper,Marital status,Single,Y
text-component_cki-date-of-birth-ddmmyyyy_wrapper,Date of birth ddmmyyyy,1989-02-12,Y
select-component_cki-country-of-birth_wrapper,Country of birth,Bangladesh,Y
text-component_cki-district-of-birth_wrapper,District of birth,Dhaka,Y
select-component_cki-nationality_wrapper,Nationality,Bangladesh,Y
text-component_cki-other-nation_wrapper,Other nation,India,Y
text-component_cki-passport-no_wrapper,Passport no,AG8148412,Y
text-component_cki-passport-issuance-date_wrapper,Passport issuance date,2008-06-12,Y
select-component_cki-passport-country_wrapper,Passport country,Bangladesh,Y
text-component_cki-passport-expiry-date_wrapper,Passport expiry date,2018-06-12,Y
text-component_cki-driving-license-no_wrapper,Driving license no,123456,Y
text-component_cki-driving-license-expiry-date_wrapper,Driving license expiry date,2019-05-12,Y
text-component_cki-driving-license-issue-date_wrapper,Driving license issue date,2009-06-12,Y
select-component_cki-driving-license-issue-country_wrapper,Driving license issue country,Bangladesh,Y
select-component_cki-qualification_wrapper,Qualification,Post Graduate,Y
text-component_cki-mother's-maiden-name_wrapper,Mother's maiden name,Noora,Y
text-component_cki-father-name_wrapper,Father name,Hamid,Y
text-component_cki-tax-id-no_wrapper,Tax id no,88766565,Y
select-component_cki-residence-country_wrapper,Residence country,Bangladesh,Y
select-component_cki-residential-status_wrapper,Residential status,Non Resident,Y
text-component_cki-no-of-dependants_wrapper,No of dependants,2,Y
text-component_cki-no-of-car-owned_wrapper,No of car owned,1,Y
select-component_cki-staff-category_wrapper,Staff category,Non Staff,Y
text-component_cki-spouse-full-name_wrapper,Spouse full name,Akira,Y
text-component_cki-spouse-profession_wrapper,Spouse profession,Own business,Y
text-component_cki-spouse-organisation_wrapper,Spouse organisation,Dhaka,Y
text-component_cki-spouse-office-line1_wrapper,Spouse office line1,"123, Bhakonrg Rd",Y
text-component_cki-spouse-office-line2_wrapper,Spouse office line2,Ste 128,Y
text-component_cki-spouse-office-line3_wrapper,Spouse office line3,Dhaka,Y
text-component_cki-spouse-contact-no_wrapper,Spouse contact no,88028833003,Y
text-component_cki-spouse-email_wrapper,Spouse email,akira.hamid@gmail.com,Y
text-component_cki-spouse-fav-colour_wrapper,Spouse fav colour,Blue,Y
text-component_cki-spouse-fav-city_wrapper,Spouse fav city,Bhola,Y
,etb confirmation,,Y
text-component_a-res-address-line-1_wrapper,Res address line 1,Resident Line 1,Y
text-component_a-res-address-line-2_wrapper,Res address line 2,Resident Line 2,Y
text-component_a-res-address-line-3_wrapper,Res address line 3,Resident Line 3,Y
text-component_a-res-address-line-4_wrapper,Res address line 4,Resident Line 4,Y
text-component_a-res-postal-code_wrapper,Res postal code,1360,Y
text-component_a-res-city_wrapper,Res city,Dhaka,Y
select-component_a-res-country_wrapper,Res country,Bangladesh,Y
select-component_a-residence-type_wrapper,Residence type,Rented,Y
text-component_a-rent-per-annum-_wrapper,Rent per annum ,30000,Y
text-component_a-time-at-address-yrs_wrapper,Time at address yrs,5,Y
switch-component_a-per-same-as-residential-address_wrapper,Per same as residential address,No,Y
text-component_a-per-address-line-1_wrapper,Per address line 1,Per add line 1,Y
text-component_a-per-address-line-2_wrapper,Per address line 2,Per add line 2,Y
text-component_a-per-address-line-3_wrapper,Per address line 3,Per add line 3,Y
text-component_a-per-address-line-4_wrapper,Per address line 4,Per add line 4,Y
text-component_a-per-postal-code_wrapper,Per postal code,1360,Y
text-component_a-per-city_wrapper,Per city,Dhaka,Y
select-component_a-per-country_wrapper,Per country,Bangladesh,Y
text-component_a-off-address-line-1_wrapper,Off address line 1,Office Line 1,Y
text-component_a-off-address-line-2_wrapper,Off address line 2,Office Line 2,Y
text-component_a-off-address-line-3_wrapper,Off address line 3,Office Line 3,Y
text-component_a-off-address-line-4_wrapper,Off address line 4,Office Line 4,Y
text-component_a-off-postal-code_wrapper,Off postal code,1360,Y
text-component_a-off-city_wrapper,Off city,Dhaka,Y
select-component_a-off-country_wrapper,Off country,Bangladesh,Y
select-component_a-mailing-address_wrapper,Mailing address,Residential Address,Y
text-component_a-oth-address-line-1_wrapper,Oth address line 1,,N
text-component_a-oth-address-line-2_wrapper,Oth address line 2,,N
text-component_a-oth-address-line-3_wrapper,Oth address line 3,,N
text-component_a-oth-address-line-4_wrapper,Oth address line 4,,N
text-component_a-oth-postal-code_wrapper,Oth postal code,,N
select-component_a-oth-city_wrapper,Oth city,,N
select-component_a-oth-country_wrapper,Oth country,,N
text-component_a-proof-address-doc_wrapper,proof address doc,Passport,Y
,,,Y
text-component_c-home_wrapper,Home,28833003,Y
text-component_c-work_wrapper,Work,28833003,Y
text-component_c-mobile_wrapper,Mobile,88028833003,Y
text-component_c-fax_wrapper,Fax,28833004,Y
text-component_c-email_wrapper,Email,mahalakshmi.thamodaran@sc.com,Y
text-component_c-other-contact_wrapper,Other contact,88028833023,Y
,,,
text-component_i-monthly-salary-income-lcy_wrapper,Monthly salary income lcy,,N
text-component_i-monthly-allowances-lcy_wrapper,Monthly allowances lcy,,N
text-component_i-monthly-total-income-lcy_wrapper,Monthly total income lcy,6000000,Y
select-component_i-source-of-other-income_wrapper,Source of other income,,N
text-component_i-spouses-monthly-income-lcy_wrapper,Spouses monthly income lcy,,N
text-component_i-other-income-avg-turnover-for-self-employed-lcy_wrapper,Other income avg turnover for self employed lcy,,N
text-component_i-monthly-rental-income-lcy_wrapper,Monthly rental income lcy,,N
text-component_i-monthly-biz-income-lcy_wrapper,Monthly biz income lcy,,N
text-component_i-monthly-rent-utility-exp-lcy_wrapper,Monthly rent utility exp lcy,,N
text-component_i-monthly-food-exp-lcy_wrapper,Monthly food exp lcy,,N
text-component_i-monthly-edu-exp-lcy_wrapper,Monthly edu exp lcy,,N
text-component_i-monthly-loan-repay-lcy_wrapper,Monthly loan repay lcy,,N
text-component_i-monthly-oth-exp-lcy_wrapper,Monthly oth exp lcy,,N
text-component_i-monthly-total-exp-lcy_wrapper,Monthly total exp lcy,,N
,,,
select-component_e-employment-type_wrapper,Employment type,Salaried,Y
select-component_e-employment-status_wrapper,Employment status,Permanent,Y
text-component_e-company_wrapper,Company,SCB,Y
text-component_e-business-type_wrapper,Business type,Manufacturing,Y
text-component_e-business-setup-date_wrapper,Business setup date,2015-09-12,Y
select-component_e-business-ownership_wrapper,Business ownership,,N
select-component_e-office-premise-status_wrapper,Office premise status,,N
text-component_e-prev-business-name_wrapper,Prev business name,Production,Y
text-component_e-total-length-curr-biz-years_wrapper,Total length curr biz years,,N
select-component_e-total-length-curr-biz-months_wrapper,Total length curr biz months,,N
text-component_e-total-biz-exp-years_wrapper,Total biz exp years,10,Y
select-component_e-total-biz-exp-months_wrapper,Total biz exp months,2,Y
select-component_e-profession_wrapper,Profession,Manager,Y
text-component_e-designation_wrapper,Designation,Manager,Y
select-component_e-employer-code_wrapper,Employer code,7CL0 - SEVEN CIRCLE BANGLADESH LTD,Y
text-component_e-employee-staff-id_wrapper,Employee staff id,1513999,Y
text-component_e-total-curr-emp-years_wrapper,Total curr emp years,5,Y
select-component_e-total-curr-emp-months_wrapper,Total curr emp months,10,Y
text-component_e-total-length-of-employment-years_wrapper,Total length of employment years,5,Y
select-component_e-total-length-of-employment-months_wrapper,Total length of employment months,10,Y
text-component_e-name-of-prev-employer_wrapper,Name of prev employer,Previous,Y
text-component_e-total-prev-emp-years_wrapper,Total prev emp years,5,Y
select-component_e-total-prev-emp-months_wrapper,Total prev emp months,10,Y
,,,
switch-component_bs-cheque-book-required-ca_wrapper,Cheque book required ca,Yes,Y
select-component_bs-cheque-book-type-ca_wrapper,Cheque book type ca,25 - leaves (Regular),Y
switch-component_bs-required-atm-debit-card_wrapper,Required atm debit card,Yes,Y
text-component_bs-account-links-to-debit-card-atm_wrapper,Account links to debit card atm,867654543,Y
switch-component_bs-internet-banking_wrapper,Internet banking,Yes,Y
switch-component_bs-sms-alerts_wrapper,Sms alerts,Yes,Y
switch-component_bs-e-statement-casa_wrapper,E statement casa,Yes,Y
select-component_bs-e-statement-type-casa_wrapper,E statement type casa,Monthly,Y
switch-component_bs-statement-hardcopy-casa_wrapper,Statement hardcopy casa,No,Y
select-component_bs-statement-frequency-casa_wrapper,Statement frequency casa,Half Yearly,Y
switch-component_bs-e-statement-credit-card_wrapper,E statement credit card,No,Y
select-component_bs-e-statement-type-credit-card_wrapper,E statement type credit card,Monthly,Y
switch-component_bs-statement-hardcopy-credit-card_wrapper,Statement hardcopy credit card,No,Y
select-component_bs-statement-frequency-credit-card_wrapper,Statement frequency credit card,Quarterly,Y
,,,
select-component_ps-no-nominee_wrapper,No Nominee,1,Y
text-component_ps-nom-name-1_wrapper,nom name 1,Paramesh,Y
text-component_ps-percent-1_wrapper,percent 1,12.44,Y
text-component_ps-nom-name-2_wrapper,nom name 2,Kasthuri,Y
text-component_ps-percent-2_wrapper,percent 2,30.44,Y
text-component_ps-nom-name-3_wrapper,nom name 3,Sangram,Y
text-component_ps-percent-3_wrapper,percent 3,22.44,Y
text-component_ps-bank-name-1_wrapper,Bank name 1,SCB,Y
text-component_ps-branch-1_wrapper,Branch 1,Daka,Y
text-component_ps-type-account-1_wrapper,Type account 1,567890213,Y
text-component_ps-account-card-no-1_wrapper,Account card no 1,567890216,Y
text-component_ps-credit-loan-1_wrapper,Credit loan 1,567890219,Y
text-component_ps-outstanding-amt-1_wrapper,Outstanding amt 1,12333,Y
text-component_ps-instal-amt-1_wrapper,Instal amt 1,1233,Y
text-component_ps-card-member-since-1_wrapper,Card member since 1,2015-09-18,Y
text-component_ps-bank-name-2_wrapper,Bank name 2,SCB,Y
text-component_ps-branch-2_wrapper,Branch 2,Dhaka,Y
text-component_ps-type-account-2_wrapper,Type account 2,567890213,Y
text-component_ps-account-card-no-2_wrapper,Account card no 2,567890216,Y
text-component_ps-credit-loan-2_wrapper,Credit loan 2,567890219,Y
text-component_ps-outstanding-amt-2_wrapper,Outstanding amt 2,12333,Y
text-component_ps-instal-amt-2_wrapper,Instal amt 2,1233,Y
text-component_ps-card-member-since-2_wrapper,Card member since 2,2015-09-10,Y
text-component_ps-bank-name-3_wrapper,Bank name 3,SCB,Y
text-component_ps-branch-3_wrapper,Branch 3,Dhaka,Y
text-component_ps-type-account-3_wrapper,Type account 3,567890213,Y
text-component_ps-account-card-no-3_wrapper,Account card no 3,567890216,Y
text-component_ps-credit-loan-3_wrapper,Credit loan 3,567890219,Y
text-component_ps-outstanding-amt-3_wrapper,Outstanding amt 3,12333,Y
text-component_ps-instal-amt-3_wrapper,Instal amt 3,1233,Y
text-component_ps-card-member-since-3_wrapper,Card member since 3,2015-09-12,Y
select-component_ps-loan-related-client_wrapper,Loan related client,Yes,Y
text-component_ps-account-no_wrapper,Account no,56789021312,Y
text-component_ps-credit-card-embossed-name_wrapper,Credit card embossed name,mooreiyu,Y
select-component_ps-card-delivery-add-type_wrapper,Card delivery add type,Residential Address,Y
select-component_ps-card-collection-branch_wrapper,Card collection branch,061 - Banani Branch,Y
text-component_ps-loan-amount_wrapper,Loan amount,1000000,Y
text-component_ps-term-months_wrapper,Term months,190,Y
select-component_ps-currency_wrapper,Currency,Bangladeshi Taka,Y
select-component_ps-preferred-branch_wrapper,Preferred branch,061 - Banani Branch,Y
text-component_ps-loan-disb-account-no_wrapper,Loan disb account no,567890210,Y
text-component_ps-interest-rate-od-facility_wrapper,Interest rate od facility,12,Y
select-component_ps-director-other-banks_wrapper,Director other banks,No,Y
,,,
switch-component_cdd-ao-for-business-puspose_wrapper,Ao for business puspose,Yes,Y
select-component_cdd-purpose-acc-open_wrapper,Purpose acc open,Savings/Fixed Deposits,Y
text-component_cdd-purpose-others-specify_wrapper,Purpose others specify,,N
text-component_cdd-deposit-amount-usd_wrapper,Deposit amount usd,23430,Y
select-component_cdd-mode-of-initial-funds-deposit_wrapper,Mode of initial funds deposit,Cheque or Other Monetary Instruments,Y
switch-component_cdd-der-wealth-from-sanctioned-countries_wrapper,Der wealth from sanctioned countries,No,N
select-component_cdd-savings-net-worth-usd_wrapper,Savings net worth usd,1-50 Lakh,Y
select-component_cdd-source-of-wealth_wrapper,Source of wealth,Salary,Y
text-component_cdd-source-fund-specify_wrapper,Source fund specify,,N
,,,
switch-component_fat-us-resident-flag_wrapper,Us Resident Flag,No,Y
switch-component_fat-us-citizen-flag_wrapper,Us Citizen Flag,No,Y
switch-component_fat-pr-flag_wrapper,Pr Flag,No,Y
switch-component_fat-confirmation_wrapper,Confirmation,Yes,Y
,,,
text-component_fiu-nb-arm-code_wrapper,Nb arm code,12,Y
select-component_fiu-institution-classification_wrapper,Institution classification,500 - Staff,Y
text-component_fiu-relationship-no_wrapper,Relationship no,2312312,Y
select-component_fiu-location-dhaka_wrapper,Location dhaka,Yes,Y
text-component_fiu-acq-channel-code_wrapper,Acq channel code,123,Y
switch-component_fiu-pre-appr-offer_wrapper,Pre appr offer,Yes,Y
text-component_fiu-pre-appr-offer-details_wrapper,Pre appr offer details,Offer,Y
text-component_fiu-pre-appr-offer-id-no_wrapper,Pre appr offer id no,12345,Y
text-component_sd-dse-code_wrapper,dse code,123,Y
select-component_fiu-segment_wrapper,Segment,Others,Y
select-component_fiu-sub-segment_wrapper,Sub segment,07 - Priority Banking (11),Y
select-component_fiu-pl-segment_wrapper,Pl segment,X1,Y
select-component_fiu-area_wrapper,Area,Non Chittagong,Y
text-component_fiu-arm-code_wrapper,Arm code,12,Y
text-component_fiu-campaign-code_wrapper,Campaign code,A23,Y
select-component_fiu-deviation-level_wrapper,Deviation level,L1,Y
text-component_fiu-loan-no_wrapper,Loan no,6565655,Y
text-component_fiu-master-no_wrapper,Master no,5546456,Y
select-component_fiu-payroll-indicator_wrapper,Payroll indicator,Yes,Y
select-component_fiu-spot-approval_wrapper,Spot approval,Yes,Y
select-component_fiu-top-up_wrapper,Top up,No,Y
select-component_fiu-cib-report-fetching_wrapper,Cib report fetching,No,Y
text-component_fiu-forwarded-by_wrapper,Forwarded by,L1,Y
text-component_fiu-referral-code_wrapper,Referral code,12223,Y
text-component_fiu-sales-staff-designation_wrapper,Sales staff designation,56789,Y
text-component_fiu-reference-no-campaign_wrapper,Reference no campaign,87766,Y